ID	Name	Text1	Text2
1	Stahn	Th-The sword spoke!	How in the world can you speak?
2	Rutee	Hey Atwight? I have something to ask you...	It's about Leon.
3	Philia	L-Look out!	Philia Bomb!
4	Garr	Allow me to disengage my limiter!	I leave the rest...to you...
5	Leon	I hail from the Kingdom of Seingald...	My name is Leon Magnus.
6	Chelsea	No way, I'm not lost!	I was just hanging out with Keyaki and my other friends!
7	Mary	I'm alive, Dalis.	You saved my life twice.
8	Karyl	People call me Blue Lightning"."	You can call me Karyl!
9	Bruiser	I am the champion!	Hey, kid! I got next! Remember that!
10	Lilith	A ladle in my right hand, and a frying pan in my left!	Arise! Wake the dead!
11	Dymlos	It's all right, Stahn...	We've lived too long already.
12	Atwight	I think I've fulfilled my promise to your mother.	Never change, okay Rutee?
13	Igtenos	Glory to Phandaria!	And long live Garr!
14	Chaltier	You will always be my young master.	I will follow you, no matter what.
15	Clemente	You'll be all right. You're a strong girl.	Take care of yourself, Philia.
16	Yuri	Intend to?	I already have.
17	Estelle	The voices of corpses buried beneath the trees...	creep up and lure us to our doom.
18	Karol	Until you really think I'm a boss...	I'll just do my part as a fellow member of Brave Vesperia.
19	Rita	You thought you could win?	Too bad!
20	Raven	So this is the end, huh?	Farewell, all my dear fans the world over.
21	Judith	This is the path I have chosen.	...Goodbye.
22	Kyle	I want to be just like my dad!	A great hero, just like him!
23	Loni	Don't attack when your spirit is low!	You'll get knocked back!
24	Judas	Another nightmare...	They always begin here, don't they, Chal?
25	Reala	Kyle? Kyyyyle!	Hey! Over here!
26	Nanaly	I understood Lou better than anyone.	If nothing else, I'm sure of that.
27	Harold	Always keep your rocket launcher ready to fire.	It's my motto!
28	Cress	We need magic to defeat Dhaos.	Would you help us, please?
29	Mint	I'm sure I heard my mother's voice!	The voice that helped me pull through.
30	Arche	Hmph! Chester...	I REALLY, REALLY HATE YOU!
31	Claus	Defeat Dhaos? Are you...serious?	Hmph, that's quite a tall tale.
32	Suzu	I'm not going to cry.	A true ninja steels her heart against such emotions.
33	Chester	Cress...Did you know?	Ami, she liked you.
34	Lloyd	How can we go on a quest to regenerate the world...	if we can't even save the people standing right in front of us?!
35	Colette	Hehe...thanks.	I'm glad I was able to live to this day.
36	Genis	You don't have to apologize, Lloyd.	I like you, as well as the people of Iselia.
37	Raine	Lloyd Irving, wake up!	Lloyd!
38	Sheena	The people of Mizuho were chased from this land.	We all live in hiding.
39	Kratos	Hmph...and I thought I'd finally earned the right to die.	But you're as softhearted as ever.
40	Zelos	Now, now, settle down, my darling hunnies!	Hi there, my little cool beauty, are you hurt?
41	Presea	Thank you for assisting me with my daddy's burial.	...I've been a great burden on you all.
42	Regal	I swear upon my good name and these shackles that bind me...	I shall not betray you.
43	Luke	Shut up! I'm the ambassador!	What I say goes! Understand?!
44	Guy	My sword cuts all!	Enter the amazing Guy!
45	Tear	I didn't expect you to be a Seventh Fonist, too.	That was careless of me.
46	Anise	Oh, no! Ion!	The Commandant's in danger!
47	Jade	My apologies. I'd forgotten the young master here...	hasn't a clue about the world around him.
48	Natalia	Asch! Stop!	You're making no sense!
49	Emil	Courage is the magic that turns dreams into reality.	Courage is what helped me make true friends.
50	Marta	Are you gonna fight with me or run?	C'mon. You're a man. Speak up!
51	Reid	There are people I love that live in this world.	I'm not letting them die!
52	Farah	Maybe we can become heroes!	Yeah, no problem!
53	Chat	Will you become my deck hands?	Not subordinates, but deckhands. And you will address me as captain!
54	Max	She doesn't like pickles on her burgers.	She's kind of...well, you know.
55	Keele	What kind of technology does Celestia possess?	What exactly is that stone attached to your forehead?
56	Meredy	You saved Meredy and Quickie.	Thank you.
57	Luca	It was probably just luck.	I've...never been in a fight before.
58	Illia	What the heck are you doing?!	Are you an enemy or a friend?!
59	Spada	What's up with you?	You start talking to me and then just go quiet?
60	Ange	Oh my! Then this meeting must be fate.	I myself am Ange Serena.
61	Ricardo	Kids again?	Since when did battlefields turn into playgrounds?
62	Hermana	Don't worry 'bout it. From now on, eat yer fill, 'kay?	Imma work hard to keep ya fed.
63	Shing	A guy who can't even make the girl in front of him smile?	Someone like that could never save the world.
64	Amber	Yes. I believe you.	A bad person couldn't use a Soma anyway.
65	Jadeite	Listen up. You lay one finger on my sister...	and you're dead.
66	Beryl	Shut up! Just shut up!	I don't trust anyone!
67	Innes	Oh? A well-endowed beauty, you say?	I get that all the time~!
68	Kunzite	The unique identification code my master gave me is...	Kunzite.
69	Veigue	All that matters is that Claire is safe.	I don't care if I die myself.
70	Mao	The past isn't important.	The future is!... Heh heh.
71	Eugene	I have seen many Force adepts in my day...	You have potential.
72	Annie	Life doesn't have any one color.	That's the truth that I've learned.
73	Tytree	Wow, sweet! That's five stars right there!	Did you know about the mushrooms?
74	Hilda	I will overcome...	I will overcome myself!
75	Senel	If she wants to hurt something we care about...	Then we won't show her any mercy.
76	Will	My real occupation is that of a natural historian.	I never claimed to be a sheriff.
77	Chloe	It is my duty to help those in need.	I shall accompany you.
78	Norma	I have no doubt anymore, master!	I won't run from the truth!
79	Moses	This here's a job for a real man!	Y'all leave it to me.
80	Jay	I need to know. I can't stand it when there's something I don't know.	You know?
81	Grune	Oh, come now. Let's not worry about little things, okay?	They're...little.
82	Shirley	They have offered their hand..	And I intend to accept it.
83	Caius	Let's see...	Well, it's edible...I think.
84	Rubia	Come onnnn, flavor!	Dinner's ready!
85	Asch	If you're scared of killing...	then throw away your sword!
86	Flynn	We need just laws laid down by the government...	to ensure that people can live lives of stability and peace.
87	Repede	Grrrr...	Woof! WOOF! WOOF!
88	Patty	A villain like him? Pah!	He deserves at least this much!
89	Dio	Come on, it'll be fine!	It'll work out somehow!
90	Mell	How many times have we told you?	It's dangerous to leave the house